<?xml version="1.0" encoding="UTF-8"?>
<project-private xmlns="http://www.netbeans.org/ns/project-private/1">
    <editor-bookmarks xmlns="http://www.netbeans.org/ns/editor-bookmarks/2" lastBookmarkId="0"/>
    <open-files xmlns="http://www.netbeans.org/ns/projectui-open-files/2">
        <group>
            <file>file:/C:/Users/Mauricio/Documents/NetBeansProjects/BusinessContact/web/header.jsp</file>
            <file>file:/C:/Users/Mauricio/Documents/NetBeansProjects/BusinessContact/web/AddBusinessContact.jsp</file>
            <file>file:/C:/Users/Mauricio/Documents/NetBeansProjects/BusinessContact/src/java/Servlets/RegistrationController.java</file>
            <file>file:/C:/Users/Mauricio/Documents/NetBeansProjects/BusinessContact/web/CCManger.jsp</file>
            <file>file:/C:/Users/Mauricio/Documents/NetBeansProjects/BusinessContact/src/java/Servlets/LogoutController.java</file>
            <file>file:/C:/Users/Mauricio/Documents/NetBeansProjects/BusinessContact/web/login.jsp</file>
            <file>file:/C:/Users/Mauricio/Documents/NetBeansProjects/BusinessContact/web/BCManager.jsp</file>
            <file>file:/C:/Users/Mauricio/Documents/NetBeansProjects/BusinessContact/web/menu.jsp</file>
        </group>
    </open-files>
</project-private>
